well,34
modern,24
congratulations,26
masters,4
innovation,12
won,32
work,97
success,6
winning,8
prize,11
happy,41
support,328
benefit,4
welcome,38
honored,8
easy,6
accomplished,2
wins,6
top,231
award,15
honor,8
great,105
cool,2
important,27
wow,6
premier,5
master,7
available,19
excited,11
empowerment,2
helped,11
kudos,6
best,49
proud,23
educated,6
glad,15
fresh,35
loves,7
good,125
elite,7
free,67
enough,25
wonderful,6
super,10
talented,4
worthy,1
excellent,6
right,57
creative,15
responsibly,2
invaluable,4
ideal,1
interesting,5
celebratory,2
better,95
appreciate,3
principled,4
silent,8
extraordinary,52
beautiful,8
relief,3
valuable,2
fav,9
passion,1
worked,4
proper,7
recovery,1
benefits,18
warmth,2
luxury,1
wealthy,2
trump,70
competitive,1
like,108
healthy,2
successfully,3
genius,2
poised,1
avid,1
effective,3
luck,61
love,36
supports,15
thank,58
win,92
helping,13
goodness,1
staunchly,1
extraordinarily,14
impressed,1
grateful,3
likes,37
pinnacle,2
winner,3
fun,41
led,7
ethical,3
precious,1
priceless,1
generous,4
openly,1
freedom,19
purposeful,4
trust,8
peace,8
cure,1
gold,11
reputation,1
awarded,2
solidarity,10
bright,1
saint,13
affordable,2
safe,10
reassure,1
fabulous,13
fair,9
faster,2
worth,2
progressive,7
fans,1
hero,3
amazing,29
intelligence,173
gain,1
secure,2
afford,4
champion,3
works,7
lead,7
savings,4
lucrative,1
fantastic,2
grand,5
unity,4
smarter,2
enjoy,6
awesome,5
willing,5
boost,3
salute,1
humility,1
promised,1
pleasure,11
simpler,1
mighty,5
powerful,1
reasonable,1
faith,4
prolific,1
responsive,1
fine,5
insightful,1
favour,1
delight,1
ready,6
superb,4
clarity,2
thankful,1
appeal,1
honest,1
encouraging,1
pure,1
clean,9
loved,11
supreme,1
stronger,6
leading,5
wonder,8
lovely,4
pride,1
protect,3
nice,17
illuminate,1
fairly,1
warm,2
rich,15
sensitive,1
delighted,2
greatest,2
bless,3
brave,1
strong,8
prosperity,1
favorite,2
pleased,2
smart,12
facilitate,1
merit,1
profoundly,1
pretty,2
guarantee,2
recommend,3
proven,2
victory,9
magnificent,13
peaceful,1
winners,68
trophy,7
decent,1
famous,4
fast,9
fame,2
celebrated,2
fave,2
sweet,9
cuteness,1
abundant,1
harmony,2
supporting,17
bravery,14
useful,3
fanfare,1
peps,6
achievement,3
soft,6
refund,1
clearly,1
loyal,1
accomplishment,1
unforgettable,1
felicity,1
classic,4
enjoyed,3
popular,4
brilliant,4
richer,2
stimulates,2
tough,2
keen,1
posh,2
suitable,1
providence,1
significant,1
commitment,4
clear,1
easier,1
outstanding,8
kindly,5
brisk,1
comprehensive,1
thrilled,2
honesty,1
liberty,2
regard,1
gratitude,2
regal,2
celebration,2
correct,2
prestigious,2
swift,2
gem,1
distinguished,2
incredible,3
privilege,1
impressive,1
perfect,1
enjoyable,2
defeated,1
attractive,1
heal,1
comforting,2
defeating,1
truthfully,1
intelligent,1
guidance,1
spacious,1
protection,2
fervor,1
revolutionary,1
inspiration,2
congratulation,1
dedicated,3
hot,3
assure,1
accessible,1
gaining,1
quicker,1
positive,2
courage,4
awards,13
timely,2
lucky,3
magic,3
promises,2
energetic,2
entertaining,2
daring,1
acclaimed,1
astounding,2
fortunate,2
loving,3
polite,1
beneficial,1
endorsing,1
fairness,1
improvements,1
holy,1
endorsed,1
calm,2
revelation,1
breakthrough,3
helpful,1
uplifting,2
genuine,1
appreciated,3
sparkling,4
wise,1
friendly,2
supportive,2
advanced,11
honoring,5
triumph,2
exceptionally,1
achievable,1
sensational,1
memorable,1
bargain,1
charming,7
enchanting,7
cute,7
pleasant,1
improvement,1
incredibly,1
comfortable,4
cushy,4
patient,2
beauty,2
recover,8
gentle,1
excellence,3
unreal,1
advocates,1
endorse,1
exciting,1
cleared,1
yay,1
leads,1
happiness,1
beloved,1
treasure,1
succeed,13
enjoys,4
prosperous,1
improving,1
preferring,36
accomplishments,2
advantage,1
properly,17
ambitious,1
solid,1
appropriate,1
privileged,1
successful,1
reconciliation,11
wisdom,1
respect,2
affirmation,1
assurance,1
covenant,1
heroically,1
subsidize,1
cheaper,1
skill,1
enhance,2
equitable,2
skilled,1
excel,1
aspire,1
promising,1
variety,1
inspiring,1
prosper,1
subsidized,1
inspirational,1
